probability_1_1;potheight;average_pot_2;average_pot_3;average_pot_5;average_pot_7;average_pot_9;average_pot_11;average_pot_13;average_pot_16;average_pot_20;average_pot_30;average_pot_50;to_call;equity_flop;equity_river;decision;difference_tocall_n_potheight;label
0.9242424242424243;10.0;6.5;4.666666666666667;2.96;2.163265306122449;1.7037037037037037;1.4049586776859504;1.1952662721893492;0.9765625;0.785;0.5266666666666666;0.3176;0.0;0.6015446;-1;0.75;0.0;1
0.6727272727272727;14.5;11.776656748726964;10.857719834731594;10.117738625720655;9.644409330438318;9.228661496668511;8.820983722677761;8.417558109039085;7.83459806425293;7.124504311065438;5.723769858452695;4.040144253414673;0.0;0.55554855;-1;0.0;0.0;-1
0.2919191919191919;32.0;30.83913736010618;29.055670800703908;25.297878824673653;22.383937510894363;20.202725337508305;18.50380235631697;17.123632011872914;15.44999934573827;13.704346309619979;10.715224943415437;7.459167332629371;0.0;0.49048024;0.5511857707509881;0.0;0.0;-0.5
0.2919191919191919;48.0;39.41956868005309;35.37044720046927;29.83830305973892;26.04337500933803;23.291311411118492;21.185274869379064;19.498737241728843;17.48437438662963;15.419128994138982;11.958050778634922;8.269983985976783;14.0;0.49048024;0.5511857707509881;-0.5;0.2916666666666667;-0.5
0.7636363636363637;3.5;4.1784307606258295;6.682042003882076;10.9043961172922;12.910736210555763;13.68496792410869;13.860306458190864;13.73613601118388;13.286916494232601;12.507915996592377;10.576867425012702;7.836499026788825;0.0;0.37828302;0.3829161176987264;0.25;0.0;1
0.6454545454545455;17.5;14.32561274031739;12.367078818700005;11.133595212617156;11.351622625458704;11.728348302483331;11.973234908335781;12.06354111467888;11.97856308662062;11.618702326281209;10.326878193765914;8.024595366344213;0.0;0.7192494;-1;0.0;0.0;-1
0.3424242424242424;10.0;9.017579699731332;8.439009907415006;8.09554806440334;8.188873563797735;8.440676799541826;8.732691894519526;9.003605648591003;9.315363421523294;9.535119684639042;9.397286736940377;8.162537918540634;0.0;0.3798276;-1;0.75;0.0;1
0.8525252525252526;19.5;15.758652929682661;14.193298987098924;13.672875244156296;13.448475618524466;13.139976438644679;12.82887950942336;12.556871063047119;12.229347059295737;11.892618989474096;11.189702739972944;9.760154000990102;0.0;0.8721608;-1;0.5;0.0;2
0.9252525252525253;27.0;17.380570739507675;21.89172449235268;24.787488066045373;24.005599677845;22.375641757011508;20.666048786305183;19.08165169632961;17.022375477309215;14.814436566976648;11.10998367302959;7.361855100253318;0.0;0.82544637;-1;0.0;0.0;2
0.33131313131313134;12.0;10.724696417804807;11.419849612497355;14.284643271585399;15.97607509260203;16.51004764922169;16.400259876067025;15.970433190709036;15.08240298457296;13.812124575187996;11.1083453740017;7.795368892656182;0.0;0.36429977;0.39400527009222663;0.5;0.0;1
0.8141414141414142;170.0;36.87615349033638;30.41705608715321;23.49924960931977;20.464518775300114;18.954942134071324;18.019443834519425;17.30104301749947;16.37039840537017;15.24066957078756;12.812973928147173;9.488526400555267;45.5;0.5340995;-1;0.0;0.2676470588235294;-1
0.9222222222222222;35.0;21.402379796573012;25.68660820900783;27.7426341119819;26.765787945304552;25.45966983097511;24.25321720108501;23.168068442255656;21.71243599803731;20.006114588611723;16.594610591495556;12.196973752447752;14.5;0.70885426;-1;2.0;0.4142857142857143;2
0.5383838383838384;7.0;4.199123417770091;4.900838063405375;7.888445522596406;10.596291086655397;12.44480732987224;13.636120129356017;14.37649455699149;14.934625238404832;15.062045713403142;14.122179374932845;11.475417209389905;2.5;0.4425845;0.49418093983311373;2.0;0.35714285714285715;-1
0.7696969696969697;21.0;6.978118151701329;7.21276052680196;7.82606453046041;8.906811595307063;10.0434829457302;11.015708144274003;11.775524187753541;12.55008722131355;13.060867716200908;12.934421376227823;11.090556945809558;0.0;0.79103094;-1;0.5;0.0;-1
0.7696969696969697;38.0;14.989059075850665;12.47517368453464;10.860851624368328;10.920124224548912;11.483095951760179;12.105189222067274;12.638945404080193;13.203206769981453;13.557824330390863;13.269940663686896;11.328745806893368;13.0;0.79103094;-1;0.0;0.34210526315789475;-1
0.4818181818181818;14.5;12.663075253003761;12.173128721112356;12.301938160934261;12.45666234567489;12.649692582730466;12.889123595265648;13.134704996348898;13.444566810584956;13.681785869360533;13.504124640693187;11.866055402215045;0.0;0.415802;-1;0.75;0.0;-1
0.8181818181818182;166.5;22.275898812897097;19.46046959774359;16.811499635489625;15.671796105905795;15.07382195051355;14.743851883210539;14.565599721376056;14.442837167971925;14.366166610692543;14.01991773505449;12.556354947627247;0.5;0.84912;-1;0.0;0.003003003003003003;2
0.8424242424242424;12.5;8.204743675806068;10.492191525480216;12.342790250696552;12.910099022596382;13.134106799162247;13.260366015443303;13.361254011500083;13.49544725995756;13.625538742950393;13.57344992045318;12.404457689349838;0.0;0.84406257;-1;0.5;0.0;1
0.25555555555555554;7.5;6.262163127034149;6.291136422625316;7.854304301349709;9.388432296193072;10.478805265868544;11.228346963348361;11.755916807954636;12.29643778486261;12.750123471925235;13.204866211855007;12.733493255053027;0.0;0.48102355;-1;0.75;0.0;-1
0.47474747474747475;44.5;27.819100856781006;25.418192173591752;22.008184018465066;19.71480271523116;17.888789303657944;16.34740989977659;15.024515773668696;13.3663003383431;11.62022186471081;8.712663371617289;5.774019190255569;14.8;0.474001;-1;0.0;0.3325842696629214;-1
0.6272727272727273;13.0;11.164836482787337;10.286731963452434;10.015461885479562;10.253779831228643;10.53174154645603;10.7237831833379;10.80518251647669;10.748692458948764;10.45156344219343;9.310673534183024;7.220159070649817;0.0;0.71001947;0.6995827843653931;0.0;0.0;-1
0.6272727272727273;17.3;11.164836482787337;10.286731963452434;10.015461885479562;10.253779831228643;10.53174154645603;10.7237831833379;10.80518251647669;10.748692458948764;10.45156344219343;9.310673534183024;7.220159070649817;4.3;0.71001947;0.6995827843653931;2.0;0.24855491329479767;-1
0.9959595959595959;26.0;22.268841552734376;19.41824143121145;15.55627009015808;12.998144995117144;11.155531522642015;9.763530419670087;8.675931183169194;7.42939656851152;6.231146699721841;4.435657865426646;2.8108098506307644;0.0;0.8897803;0.9962011418533158;1.0;0.0;2
0.35757575757575755;19.0;15.97281954139471;15.006022337196871;14.67248504609555;14.415623034115075;13.90690449056678;13.256035166717623;12.560515083515966;11.54304320522877;10.329836289793844;8.05892162366775;5.518248151932385;0.0;0.4489615;0.34690382081686433;0.5;0.0;-1
0.695959595959596;20.0;16.65171162139193;15.04390685366931;14.186490784828814;14.05796564455735;13.989695038344259;13.847782893967779;13.619072347958756;13.155642046252655;12.42414092002663;10.591324371162301;7.900160047954768;0.0;0.7954068;0.7661835748792271;0.25;0.0;-1
0.695959595959596;33.0;18.825855810695963;17.02927123577954;15.54919262786305;15.049684838192016;14.768617811861564;14.497984449061615;14.18683601350039;13.645914418361864;12.8529338740253;10.93828022545689;8.162156846995673;11.0;0.7954068;0.7661835748792271;0.0;0.3333333333333333;-1
0.7464646464646465;6.5;4.4375;3.314814814814815;2.18;1.619533527696793;1.2873799725651578;1.0679939894815929;0.9123805188893946;0.7486572265625;0.6040625;0.4073148148148148;0.24662;0.0;0.5509195;0.5371980676328502;0.25;0.0;1
0.2191919191919192;6.0;2.5;1.7777777777777777;1.12;0.8163265306122449;0.6419753086419753;0.5289256198347108;0.44970414201183434;0.3671875;0.29500000000000004;0.19777777777777777;0.1192;0.0;0.43075162;0.382191480017567;0.5;0.0;-1
0.2191919191919192;15.0;5.25;3.8518518518518516;2.4960000000000004;1.8425655976676385;1.4595336076817558;1.2081141998497371;1.030496131087847;0.84423828125;0.68025;0.45785185185185184;0.276816;5.0;0.43075162;0.382191480017567;0.0;0.3333333333333333;-1
0.23939393939393938;4.5;6.03125;6.1598079561042525;5.137952;4.208437810776123;3.5278205859164045;3.0260061606684725;2.645060225088667;2.22199809551239;1.82947934375;1.2670944005486964;0.783697004672;0.0;0.40529802;0.32143170838823015;0.0;0.0;1
0.4494949494949495;15.0;13.546875;13.119341563786008;10.86624;8.921639792943415;7.4949787464648;6.439202488652662;5.635314966885989;4.740121364593506;3.9073279687499993;2.7105584156378604;1.6786899504;0.0;0.50053275;0.38924022837066313;0.0;0.0;-0.5
0.4494949494949495;20.0;16.7734375;15.412894375857338;12.692992;10.504262679665784;8.884425552413155;7.672002262411512;6.74029073866399;5.693863779306412;4.711961570312499;3.286873135116598;2.045116151392;55.0;0.50053275;0.38924022837066313;-0.5;2.75;-0.5
0.1303030303030303;14.0;12.834251403808594;11.881840570388626;11.035180316609743;10.440228000078346;9.798822465203608;9.14770605324352;8.527850670724133;7.692636741616371;6.76280650876284;5.1388039454775125;3.4370958743206383;0.0;0.31650347;0.15733421168203776;1.0;0.0;-1
0.8424242424242424;6.0;3.890625;3.3045267489711936;2.48352;1.9662640566430656;1.6213822418669241;1.377420817008277;1.1964486268257146;0.9988665580749512;0.81819796875;0.5629958230452674;0.34648905120000006;0.0;0.30786535;0.24207290294246817;1.0;0.0;1
0.9919191919191919;38.5;20.1171875;15.136488340192043;10.16336;7.654824945388401;6.139726705316301;5.125226001249746;4.398382968955266;3.626792758703232;2.9392330859375;1.994058062414266;1.21352109104;0.0;0.63338107;0.9264163372859026;1.0;0.0;3
0.7636363636363637;32.5;24.838348388671875;20.93620500153775;17.3104651800576;14.99106733354256;13.184586617318889;11.733569870729895;10.550895006869428;9.14723985888958;7.754462585223143;5.598447717868005;3.586977983693652;0.0;0.75005275;0.752635046113307;0.0;0.0;3
0.7636363636363637;103.0;63.91917419433594;48.2908033343585;34.44837214404608;27.563772000179334;23.164076993172344;20.030518064299905;17.662364621725626;15.013037367708982;12.516739455961986;8.845166127272405;5.575238424019779;40.4;0.75005275;0.752635046113307;0.0;0.39223300970873787;3
0.3919191919191919;9.0;7.525190353393555;6.907486446851292;6.746297804926485;6.697724555750773;6.495390814014389;6.200012855987035;5.871515800013794;5.38365339872422;4.800202041670336;3.715954056620384;2.5218824895439873;0.0;0.56439954;0.5112209046991656;0.25;0.0;-1
0.9393939393939394;65.0;51.981958193704486;42.67496936648505;31.723678819030898;25.78295944359907;22.04353917586333;19.419850814542723;17.439670850097613;15.197795411144334;13.026832025597898;9.654312695586697;6.385966587777099;0.0;0.9425487;0.942907334211682;1.0;0.0;-3
0.9393939393939394;96.5;75.74548954842612;64.85554194066002;49.78315444417977;40.5956436728483;34.51588280562041;30.173430425241918;26.88942368292341;23.197281123076074;19.674215903102102;14.340307752209347;9.343882310901124;0.8;0.9425487;0.942907334211682;0.0;0.008290155440414507;-3
0.5818181818181819;63.0;33.253635492943566;30.31289127049553;27.731428307309383;26.657632404324588;25.65129848979845;24.563932910250852;23.444354195631448;21.805942582875836;19.811786837509928;15.908948099534568;11.247610173172841;16.0;0.72551626;0.695959595959596;-0.5;0.25396825396825395;-0.5
0.1505050505050505;37.5;27.454393823783768;22.6953674065512;18.8172840805385;17.648889989065022;17.36343575461071;17.319779890502815;17.287150244098576;17.12089239297741;16.67177622751553;15.018553036372518;11.858108911438006;0.0;0.37229517;0.2607158541941151;0.0;0.0;-3
0.8929292929292929;10.0;9.023731598640861;8.297391141924248;7.648160752628625;7.52441446782536;7.630778379155975;7.8585471219615535;8.149565832894561;8.620900335704306;9.194712753669727;10.022024309846296;9.869709235533412;0.0;0.63732964;0.6339920948616601;1.0;0.0;3
0.29191919191919197;28.0;14.3984375;11.253772290809328;7.80416;5.961155640931924;4.818815258890451;4.04261552382334;3.4812407120314894;2.880706638097763;2.3417362109375;1.5951697908093276;0.9739211710400001;0.0;0.5284767;0.3853315766359245;0.0;0.0;-0.5
0.29191919191919197;58.5;21.19921875;16.835848193872884;11.843328;9.109561977941649;7.3945024523470675;6.220559567112128;5.367299118798298;4.450662473216653;3.624649400390625;2.47533079778235;1.5144427476192002;12.0;0.5284767;0.3853315766359245;-0.5;0.20512820512820512;-0.5
0.9121212121212121;37.0;18.904296875;14.518670934308794;10.22614784;7.956829212317997;6.52132433037118;5.526595788676467;4.795655301794132;4.001936213229783;3.278474873691406;2.2578914148780673;1.3914190170283902;0.0;0.5843653;0.7579490557751427;1.0;0.0;-1
0.9121212121212121;70.5;18.904296875;14.518670934308794;10.22614784;7.956829212317997;6.52132433037118;5.526595788676467;4.795655301794132;4.001936213229783;3.278474873691406;2.2578914148780673;1.3914190170283902;2.8;0.5843653;0.7579490557751427;0.0;0.039716312056737584;-1
0.7595959595959596;16.6;10.925585937500001;8.743433419702281;6.619837952;5.391192202471516;4.550103295646814;3.934369980305047;3.4640472462593834;2.9359352315819707;2.438747809030273;1.7118500094286189;1.0715759074902034;0.0;0.89155775;0.9314888010540184;1.0;0.0;3
0.5191919191919192;44.9;28.53351447617765;24.390171721167818;20.54148077760873;18.328991571823455;16.782854061633277;15.59201997497467;14.613040940224401;13.393943882444015;12.071128756629301;9.670613243382988;6.878730234180346;0.0;0.58087546;0.5864953886693017;0.0;0.0;-0.5
0.5191919191919192;74.6;48.20837861904441;40.71785409829681;32.270547697669585;27.492728501747845;24.328427900549748;22.023983450392294;20.23182186622671;18.13413036542931;16.011943702857945;12.473428597427882;8.680372516906804;14.8;0.58087546;0.5864953886693017;-0.5;0.19839142091152817;-0.5
0.8151515151515152;53.0;31.51171875;24.115683584819386;16.431168;12.462034162150612;10.036664046954936;8.401092441791576;7.223647070416023;5.968608716502786;4.845850025390625;3.2956913739140377;2.0097214740192;0.0;0.7117191;0.7688625384277559;1.0;0.0;-1
0.3686868686868687;30.0;23.537155151367188;20.757752628823923;18.53603590668288;16.791224184719432;15.17141931984081;13.740880155924854;12.508057075666901;10.981962738749168;9.412141884548948;6.894376710536514;4.468276334970425;0.0;0.7292076;0.5916556873078612;0.0;0.0;3
0.793939393939394;68.0;60.04542829841375;52.86716612408809;42.77102439521369;36.53479111057176;32.219049789742165;28.951595112008768;26.34001316884207;23.234655080528288;20.093922725472858;15.019193504211351;9.966273812872231;0.0;0.78878945;0.8254281949934124;0.0;0.0;-3
0.793939393939394;81.0;67.27271414920688;60.07811074939205;49.116819516170956;41.95839238049008;36.91693314643748;33.09235919273524;30.044627540469605;26.43873913799527;22.814226589199215;17.001887054070973;11.256948336614787;6.5;0.78878945;0.8254281949934124;0.0;0.08024691358024691;-3
0.6101010101010101;2.0;1.875;1.4444444444444444;0.96;0.7142857142857142;0.5679012345679012;0.47107438016528924;0.40236686390532544;0.330078125;0.26625;0.17944444444444446;0.1086;0.0;0.5818124;0.5297321036451471;0.0;0.0;1
0.19999999999999998;12.0;9.4390625;8.238926992836458;6.592225280000001;5.426940565684748;4.586611073117509;3.96205810572411;3.4830314961253013;2.9450993011705577;2.439871295234375;1.705061002191739;1.062771677846989;0.0;0.44790807;-1;0.0;0.0;-2
0.05757575757575757;4.0;5.069569396972656;6.894427699718276;8.420366870036611;8.51314627635299;8.136324264239413;7.629378270794537;7.112174151952803;6.399438338201814;5.602984575722626;4.223917046116574;2.8023039557457294;0.0;0.32604644;0.15955204216073782;0.5;0.0;-2
0.3686868686868687;10.0;8.486816227436066;7.627272739265775;6.845928086884205;6.371199256483844;5.950632046657596;5.5566734472671255;5.192008658438747;4.7047158794937545;4.16059253572582;3.196724393920182;2.163290813000535;0.0;0.47351652;0.45801493192797543;0.25;0.0;-0.1
0.5181818181818181;19.5;13.60906982421875;11.008460958036736;8.5771213549568;7.183472607231994;6.195492350354373;5.44540856420583;4.854991730431401;4.17290621867685;3.511747352265244;2.5115240881156558;1.5975261008982575;0.0;0.5130264;0.5785682916117699;0.0;0.0;-0.6333333333333333
0.5181818181818181;29.5;13.60906982421875;11.008460958036736;8.5771213549568;7.183472607231994;6.195492350354373;5.44540856420583;4.854991730431401;4.17290621867685;3.511747352265244;2.5115240881156558;1.5975261008982575;10.0;0.5130264;0.5785682916117699;0.0;0.3389830508474576;-0.6333333333333333
0.2222222222222222;10.0;4.2241245090961455;4.002658056379727;4.508888684970186;5.356124796894216;6.0117786145697245;6.4031367271891;6.586044408425554;6.609122147666466;6.395444678614831;5.5463253444331;4.134685341560752;5.0;0.4707978;0.466798418972332;-0.5;0.5;-0.1
0.2191919191919192;27.0;20.70842188523796;16.6409668312009;12.87161948260487;11.34875133015453;10.577855302641611;10.115774846739951;9.802484373714542;9.467496871017502;9.126847140718182;8.392123130174117;7.045181260755052;0.0;0.5522088;-1;0.0;0.0;-0.2833333333333333
0.6111111111111112;14.5;12.697265625;11.12551440329218;8.65105536;6.98100255325379;5.825797288950302;4.989703013517784;4.3597306353011565;3.6627228778088465;3.0171650108789065;2.0922641570164604;1.2959539193778817;0.0;-1;-1;0.0;0.0;-0.16666666666666666
0.049494949494949494;5.0;3.613321680575609;3.591624927108999;4.35815424608921;4.940419498123828;5.2095645868788445;5.269989900658733;5.209239393495197;5.005040857193815;4.6579894128457635;3.8318124855717053;2.738796429616784;0.0;0.5288401;0.3326965305226175;0.0;0.0;-0.05
0.4121212121212121;14.0;11.98828125;10.164609053497944;7.577779199999999;5.979070916758445;4.9224818308460705;4.178234696046953;3.6274264457915395;3.0270354505628347;2.478732774609375;1.7050512380658436;1.0491809448019198;0.0;0.4102785;0.3620772946859903;0.0;0.0;-0.11666666666666667
0.6666666666666667;16.0;13.7027587890625;12.103981439143762;10.042766688255998;8.54627568564965;7.400834639590239;6.507997277910073;5.798428134543879;4.9758229687415625;4.178493513899219;2.976575987514526;1.8856508004127284;0.0;0.6793203;-1;0.0;0.0;-0.05
0.6666666666666667;20.2;16.95137939453125;14.802654292762508;12.074213350604797;10.211093444842557;8.822964124080212;7.752724798100066;6.90624135496358;5.927334033195215;4.9795688382042576;3.550690121264042;2.2519377844044737;4.2;0.6793203;-1;-0.5;0.20792079207920794;-0.05
0.32727272727272727;24.0;20.29946423768997;17.788391302067588;15.150081877844354;13.61147707701745;12.416975616175028;11.405156021295788;10.528729887896711;9.417580217003323;8.232118449016696;6.224801792824588;4.157707052084328;0.0;-1;-1;0.0;0.0;-0.3
0.5747474747474748;44.0;26.608229875564575;21.81874247865204;16.547445376242102;13.609979730286504;11.657558399539862;10.23126291750199;9.130404761856358;7.871513931645197;6.655145105194172;4.8052949757369;3.0896593717786764;0.0;0.6359516;0.6516908212560386;1.0;0.0;-0.6666666666666666
0.7515151515151516;3.0;8.225514367222786;12.803702218005341;14.933033626108767;14.35590742626044;13.296198628946087;12.224617797624475;11.249643679908033;9.998831066734896;8.67216978283756;6.470667698437246;4.267636549774253;0.0;0.43703878;0.33214756258234523;0.75;0.0;0.06333333333333328
0.4878787878787879;7.0;5.921875;4.91769547325103;3.5631999999999997;2.7671208425060985;2.255872241697573;1.90217384555203;1.643594142631291;1.3646645545959473;1.11247890625;0.760557510288066;0.465641848;0.0;-1;0.4919850680720246;1.0;0.0;0.04666666666666662
0.37272727272727274;2.0;1.0;0.6666666666666666;0.4;0.2857142857142857;0.2222222222222222;0.18181818181818182;0.15384615384615385;0.125;0.1;0.06666666666666667;0.04;0.0;0.4580448;0.3957839262187088;1.0;0.0;0.06333333333333328
0.20303030303030303;18.0;10.09375;7.641314840217446;5.569291263999999;4.477371948435738;3.7558477037594162;3.2363378785403265;2.843150667797206;2.4045773702964652;1.9939494431289062;1.396682870033633;0.8729417542758154;0.0;0.33194456;0.2103645147123408;0.0;0.0;0.28666666666666674
0.802020202020202;32.0;19.33740234375;16.753146981857224;13.336820289110015;11.098745128528229;9.503197797035433;8.306020441034956;7.374633304038294;6.310532427342722;5.290236198772793;3.764516127074371;2.3854759074672853;8.0;-1;-1;0.0;0.25;-0.43333333333333335
0.6323232323232324;7.0;6.023046875;5.423228166438043;4.757757439999999;4.379754201402616;4.134530846147375;3.96277892960264;3.8359226436440657;3.6977514553582296;3.5715773656835936;3.393441449339277;3.2422652381888386;0.0;0.4718867;-1;1.0;0.0;0.1733333333333333
0.6181818181818182;51.8;28.57349758148193;23.264567682686497;17.378144052462012;14.233345779551064;12.254545559045479;10.883623345778918;9.873273843671646;8.770347708816166;7.757165933349278;6.310023814590794;5.0600864692140135;15.7;-1;0.6463987703118137;-0.5;0.3030888030888031;-0.05
1.0;25.0;8.9375;7.277777777777779;5.708;4.975218658892128;4.553497942386831;4.279864763335837;4.088074647246245;3.8883056640625;3.7135625;3.4782777777777776;3.288188;0.0;0.65308464;0.9924901185770751;1.0;0.0;0.6400000000000001
0.20303030303030303;60.0;26.23798828125;20.064417687005708;14.271458304;11.46783602339616;9.796735045792698;8.682072036030823;7.883849856686821;7.035577395370183;6.277937702197414;5.2321047932770455;4.36324867208691;12.5;0.28619865;0.3064558629776021;-0.5;0.20833333333333334;-0.05
0.7232323232323232;14.0;12.133536925911903;10.832195988082423;9.705265565416715;9.276692454469618;8.961574672776296;8.656042560742822;8.354532377654028;7.925317759449;7.416921605956979;6.460660679072345;5.379727647532176;0.0;0.77396107;-1;0.75;0.0;-0.23333333333333334
0.1575757575757576;30.0;13.566262423992157;10.688730609204843;8.173756471549993;7.044723678013375;6.381994016977032;5.931273032751434;5.597705706891369;5.227325928252192;4.877209134197518;4.3531208119395;3.870737750886723;10.0;0.3812734;0.33350900307422043;-0.5;0.3333333333333333;-0.05
0.8414141414141414;12.0;8.390625;6.765432098765432;5.31072;4.657345153804963;4.289793222577859;4.054939118664272;3.892139092307154;3.724226474761963;3.5787932812500003;3.3851937654320987;3.2307211152000006;0.0;0.69137555;0.7186868686868687;1.0;0.0;0.19666666666666663
0.7464646464646465;12.0;9.929892344772815;9.773302187629465;10.036147006510381;9.868344993847995;9.507367280217721;9.100378792432604;8.702633670980616;8.16097902676357;7.553751707738021;6.48381010181752;5.348005106784869;0.0;0.5868947;0.7019543258673694;1.0;0.0;2.4033333333333333
0.790909090909091;20.0;13.6975177953465;11.866522163950819;10.843959658188243;10.802559157643845;10.931917255032994;11.059783585111042;11.141139419291132;11.16301164305413;11.04195041830989;10.379468030250925;8.933721260819782;3.0;0.3491734;0.3688844971453667;0.0;0.15;0.74
0.297979797979798;6.0;5.125;4.592592592592592;4.048;3.778425655976677;3.6186556927297664;3.5131480090157776;3.4383249886208467;3.359619140625;3.2901249999999997;3.1955925925925928;3.118408;0.0;0.44432414;0.382389108476065;0.0;0.0;-0.04666666666666662
1.0;13.4;3.4781250000000004;3.59917695473251;3.5852927999999995;3.5113311630358104;3.443868651458958;3.389156455803666;3.3453069719560067;3.294561469554901;3.245746659375;3.173196680658436;3.108612669964801;0.0;0.93724775;-1;1.0;0.0;0.6766666666666665
0.08989898989898991;60.8;35.05366615951061;30.801419532624415;25.353091472232492;22.1131034244849;19.87245770673158;18.164612494900243;16.791859689114197;15.15323357429859;13.493030832525221;10.814611454276871;8.163124564548216;4.6;0.35832167;0.2957839262187088;-0.5;0.0756578947368421;-0.05
0.7737373737373737;38.0;25.32318115234375;19.591755246584285;14.3420999974912;11.774433621499544;10.197023610514181;9.11397315076506;8.319494083984045;7.455373309127003;6.6644757755149495;5.540222124058806;4.575222156389645;0.0;0.7407956;0.7542599912165129;1.0;0.0;0.013333333333333286
0.4494949494949495;29.4;22.90498475334607;18.960708565125373;14.920469539598102;13.11388643613935;12.087166187635347;11.366662874943398;10.792538480394573;10.084270800706209;9.319804017781934;7.9565080172798055;6.434960704371252;0.0;0.6342402;0.5923583662714098;1.0;0.0;0.5299999999999999
0.5767676767676768;32.0;18.396219860953266;19.468843912681848;27.67731115964474;33.44689372594935;36.22688345763087;37.20407419751079;37.18718527549999;36.241091662490255;34.31475860431768;29.336843689492472;22.324764964552084;0.0;0.6055127;0.6383179622310058;1.0;0.0;-0.5833333333333334
0.9686868686868687;36.0;21.248046875;17.0480109739369;12.49147904;10.133583448934317;8.706178665733912;7.752149947078703;7.070373131135268;6.348772604367696;5.7080113039648435;4.831237885644718;4.111222944561959;0.0;0.61024344;0.596179183135705;1.0;0.0;1.03
0.9717171717171716;4.0;3.4050269782543183;4.6887556765865614;6.38201260342293;7.251240194810256;7.642364052415936;7.7619142935942;7.733453456657221;7.55766461066702;7.236276790311391;6.462675729086629;5.452457325514645;0.0;0.4084344;0.4267457180500659;1.0;0.0;-0.03399999999999987
0.9717171717171716;30.0;3.4050269782543183;4.6887556765865614;6.38201260342293;7.251240194810256;7.642364052415936;7.7619142935942;7.733453456657221;7.55766461066702;7.236276790311391;6.462675729086629;5.452457325514645;10.0;0.4084344;0.4267457180500659;0.0;0.3333333333333333;-0.03399999999999987
0.03232323232323232;2.0;2.8813285465352236;4.253882528534349;5.9533263119117015;6.854158237886146;7.3445704831891465;7.584628072978689;7.669291303286118;7.630362239830436;7.432025105625804;6.788297797971749;5.793325061033252;0.0;0.2575187;0.12602108036890647;0.0;0.0;-0.016666666666666666
0.6848484848484849;2.0;2.8813285465352236;4.253882528534349;5.9533263119117015;6.854158237886146;7.3445704831891465;7.584628072978689;7.669291303286118;7.630362239830436;7.432025105625804;6.788297797971749;5.793325061033252;0.0;0.40793228;0.4388888888888889;0.75;0.0;0.013333333333333286
0.1585858585858586;2.0;2.095332136633806;2.890614457126377;4.450128839623489;5.505095848242883;6.1734877891864866;6.574072787585695;6.795135785048527;6.91926368735097;6.878652657827289;6.458287164549156;5.633309388616335;0.0;0.43382496;0.2655687307861221;0.0;0.0;-0.05
0.1808080808080808;2.0;1.8988330341584514;2.284717536500612;3.488082457359033;4.513947970137629;5.2481878828140145;5.738903130236111;6.050293213295786;6.294274725210814;6.379234023689128;6.149910561539822;5.479630336827129;0.0;0.29330963;0.3086078173034695;0.0;0.0;-0.016666666666666666
0.3808080808080808;6.0;4.153088532317452;3.712390786699669;3.648254859627408;4.050779997369561;4.520883004691861;4.924746279275577;5.234183140675469;5.540327901322327;5.738709058382071;5.741607442980121;5.2912010330342305;0.0;0.52104855;0.4958717610891524;0.25;0.0;-0.11666666666666667
0.8646464646464647;15.4;7.51176700831746;6.443748985389271;5.460336121922167;5.15875435878991;5.158032696728223;5.268348410963878;5.400796263354673;5.5687591016888405;5.70031633522289;5.706168784789783;5.3167481730211;0.0;0.59822935;0.8548309178743961;1.0;0.0;0.21666666666666667
0.6696969696969697;4.0;3.3274356797524804;3.650845848253236;4.202503001876131;4.457158229967606;4.639443029216578;4.8099284452134565;4.968145021748357;5.166083084941346;5.344730322512338;5.473247745052611;5.2314825728525784;0.0;0.30648726;0.6207290294246817;1.0;0.0;0.07666666666666681
0.20303030303030303;2.0;3.91592945996906;4.415065436519478;4.727681536960579;4.84182559088339;4.92921101640451;5.027744887463152;5.1319775136919255;5.27527597941334;5.413938160264016;5.513297750151413;5.272725545708266;0.0;0.22123545;0.24259991216512955;0.25;0.0;0.029999999999999954
0.4111111111111111;4.0;2.75;2.7777777777777777;2.84;2.877551020408163;2.9012345679012346;2.9173553719008263;2.9289940828402363;2.94140625;2.9525;2.9677777777777776;2.9804000000000004;0.0;0.27511987;0.14762845849802372;1.0;0.0;1.76
0.19090909090909092;2.0;2.988919922956349;3.1030230957842093;3.4063562188737935;3.815513705686526;4.183577970851776;4.482363681435813;4.720108042558088;4.987677096886365;5.2229293156511405;5.4519944270088585;5.329441001602065;0.0;0.42932677;0.2722222222222222;0.0;0.0;-0.016666666666666666
0.35757575757575755;5.3;2.9184261755347585;2.5597164899600124;2.3892591464823942;2.466784770844673;2.6379405458264387;2.843413695661297;3.054127922475118;3.351244649704463;3.6874792063800643;4.228464882165325;4.563957953264448;1.3;0.42271918;0.42129995608256476;0.0;0.24528301886792456;-0.12666666666666657
0.7515151515151516;12.0;10.400415490822507;9.326433960284284;8.121381010582372;7.378946378018022;6.838608801255632;6.436733867236887;6.139368661618826;5.834176228326462;5.595531351273402;5.359968758793973;5.181723672732245;0.0;0.77197266;0.7978260869565217;1.0;0.0;-0.35
0.6161616161616161;6.0;5.173548890745128;4.964163001467082;5.279008017138557;5.707178497887072;6.004184816964267;6.17084322655314;6.248160388773391;6.2705974285726365;6.226249395651286;6.056653571114399;5.763439274400841;0.0;0.5737063;0.5114404918752745;0.0;0.0;0.13999999999999985
0.9717171717171718;90.0;65.14382182508862;51.509487085530694;36.8863095921233;29.316517466337928;24.75727803572915;21.71678279399469;19.535738971524133;17.202496017763252;15.091128420711913;12.106800456008585;9.4929201924012;0.0;0.69965076;0.9923583662714097;0.0;0.0;1.96
0.09393939393939393;6.0;3.83984375;3.4115226337448563;3.1119487999999995;3.018821118022981;2.9829131236267674;2.9676490753840046;2.961089279607995;2.958145225420594;2.959020616015625;2.965615671399177;2.9757694422060794;0.0;0.38709906;0.23741765480895916;0.0;0.0;-0.05
0.2;6.5;5.053586119413376;4.730791304597085;5.388203044188725;5.992592047888858;6.264772640191629;6.32832971190168;6.282798623943132;6.124941019506677;5.86742555551671;5.293805662390771;4.591055959614971;0.0;0.33762443;0.3067193675889328;0.0;0.0;-0.33999999999999997
0.2;13.0;5.053586119413376;4.730791304597085;5.388203044188725;5.992592047888858;6.264772640191629;6.32832971190168;6.282798623943132;6.124941019506677;5.86742555551671;5.293805662390771;4.591055959614971;6.5;0.33762443;0.3067193675889328;0.0;0.5;-0.33999999999999997
0.7363636363636364;12.0;9.06108748644474;7.827250762856398;6.858430811674956;6.622114833373766;6.567997784450527;6.533747386912233;6.481115295460953;6.36477559012029;6.17069556386116;5.676041586600102;4.96397759880653;0.0;0.5147467;0.5658322353974528;0.0;0.0;0.2633333333333333
0.8666666666666667;15.0;13.10726189074511;11.650984121864493;9.900651738015037;8.957693911543606;8.390793137142794;8.018097573877126;7.7500814153733995;7.449147078351672;7.137601983444915;6.536409611058113;5.705447033723642;0.0;0.82528734;0.8407553798858146;1.0;0.0;0.3433333333333335
0.1616161616161616;13.0;5.598608016967773;5.065344183435791;4.504475205350588;4.186610687599583;3.9773058357081483;3.829226002524243;3.71925587538633;3.599139813682509;3.4893978144394446;3.3349233782371734;3.2048517128561227;6.5;0.34919155;0.17749231444883617;-0.5;0.5;-0.025
0.8484848484848484;35.5;29.509971712692277;24.628074601404784;19.28155490859326;16.67792432758155;15.077725959199201;13.918318556249147;12.999740188178066;11.899662464479968;10.767795813057836;8.887607467201887;6.954149202297455;0.0;0.56190276;0.6111550285463329;1.0;0.0;0.9966666666666668
0.8454545454545455;18.3;13.36875;10.87366255144033;8.27568;6.955334086987564;6.16088841470643;5.631323617984364;5.2533882944197705;4.853709983825683;4.4989996875000005;4.0137777366255145;3.6152959968000005;0.0;0.6512356;0.4734958278436539;1.0;0.0;-0.6833333333333333
0.8454545454545455;68.5;13.36875;10.87366255144033;8.27568;6.955334086987564;6.16088841470643;5.631323617984364;5.2533882944197705;4.853709983825683;4.4989996875000005;4.0137777366255145;3.6152959968000005;5.3;0.6512356;0.4734958278436539;0.0;0.07737226277372262;-0.6833333333333333
0.7191919191919193;12.0;5.157512474060058;4.787112842426646;4.888039194127248;5.215319785980077;5.426083309568717;5.515050786745208;5.5239056781816345;5.4562725285906595;5.304638247400239;4.9066064226881245;4.362295189868742;6.0;0.77831405;0.7595740008783487;-0.5;0.5;-0.025
0.8080808080808081;5.4;4.8696890592575075;4.699885286644933;4.721876067393151;4.951338407497658;5.143970719477618;5.253531770657558;5.295361407327203;5.277910103514033;5.18048921736478;4.859800890479284;4.365304534342939;0.0;0.71002567;0.7279314888010541;0.75;0.0;0.2233333333333333
0.788888888888889;34.4;10.95015769721267;8.59649467040158;6.8482063473328445;6.234799912215236;5.962100891411216;5.820737657476468;5.73288334337281;5.635894337715539;5.52031244444106;5.231688279156666;4.745594411461658;7.6;0.77423596;0.756258234519104;0.0;0.22093023255813954;0.5366666666666667
0.8545454545454546;29.0;22.1087158203125;18.53736165874283;15.910071122517031;14.678146614011666;13.707438762392211;12.855335372604996;12.101107398149537;11.132764992305416;10.093575239592262;8.336009666395556;6.541562482933387;0.0;0.6708134;0.8787659200702679;1.0;0.0;0.006666666666666762
0.8545454545454546;48.1;29.55435791015625;24.69157443916189;20.128056898013625;17.86698281201;16.29550112212641;15.050304884186358;14.016406829061111;12.749467180286327;11.438896477612648;9.291476010849038;7.15073123327472;3.1;0.6708134;0.8787659200702679;0.0;0.06444906444906445;0.006666666666666762
0.6050505050505051;21.0;8.922147369384765;12.934138160822101;15.511332105426382;15.769183558669287;15.382681389457364;14.78710804192771;14.139239242582937;13.19704858401482;12.087307674118488;10.043816351147305;7.795411418290134;0.0;0.74984896;0.6001317523056654;1.0;0.0;0.5933333333333333
0.22727272727272727;33.4;20.495065983501263;16.163916292666322;13.861640969471601;13.682117524610295;13.80532212662833;13.86982314554324;13.823638059126566;13.588207336314017;13.099120912779501;11.699341530107198;9.522123387736556;0.0;0.417608;0.3264602547211243;0.0;0.0;-0.025
0.22727272727272727;47.4;20.495065983501263;16.163916292666322;13.861640969471601;13.682117524610295;13.80532212662833;13.86982314554324;13.823638059126566;13.588207336314017;13.099120912779501;11.699341530107198;9.522123387736556;14.0;0.417608;0.3264602547211243;-0.5;0.29535864978902954;-0.025
0.3282828282828283;12.0;11.098360405992207;12.395460415268374;13.497464410301163;13.884203650079627;14.100505914227277;14.199163418896235;14.192740144957671;14.029379796397798;13.631916097925561;12.363455436284754;10.200540606183727;0.0;0.5095836;0.42733860342555996;0.0;0.0;0.2600000000000001
0.8565656565656566;49.6;42.237080147869385;38.43850438293012;36.227160247197155;34.901211332646994;33.400389772437464;31.861136641847448;30.406234665425785;28.47552702754774;26.365787992059072;22.69151579911235;18.430946868434397;0.0;0.8667426;0.8743302591128678;0.0;0.0;1.103333333333333
0.8848484848484849;80.0;36.910503110189474;28.640969149981114;22.22415505292932;20.294523869261482;19.774890660869946;19.72985364286842;19.815120648188806;19.93566366344193;19.94896986178365;19.414708617534703;17.60725834577912;0.0;0.4616007;0.868818620992534;0.0;0.0;-0.025
0.8848484848484849;188.5;58.45525155509473;45.76064609998741;33.779324042343454;28.82387760222413;26.466569476328843;25.20895785715311;24.44472675217428;23.68968468447681;22.951521368694465;21.434218330283546;18.85511317886354;9.8;0.4616007;0.868818620992534;-0.5;0.05198938992042441;-0.025
0.43333333333333335;10.8;11.10690644438684;16.410561807403678;19.175013909679848;19.549147411313154;19.699703116433977;19.86202694000985;20.014332192879905;20.1662807153587;20.19981063348442;19.71330188360316;17.959337683040932;5.4;0.5202894;0.4976064997804128;-0.5;0.5;-0.025
0.6080808080808081;25.0;18.546425099940826;15.34411654484753;13.804734088900542;14.38000555705598;15.083569124877162;15.511627734650833;15.66625194723911;15.545607781983454;15.036674057112213;13.362353960378002;10.705833034661252;0.0;0.5604105;0.625296442687747;0.0;0.0;-0.32
0.6545454545454545;12.0;10.966796875;9.913834273230705;8.267911168;7.1952965691517985;6.4710028178194765;5.955091979179958;5.570697545082499;5.149519408107153;4.7631193706230475;4.215394293747853;3.7490895385909253;0.0;0.72138995;0.6953227931488801;0.0;0.0;-0.12000000000000005
0.030303030303030304;23.1;8.960424804687499;8.07680677002088;7.4114964144128;6.881093025248118;6.426829376892025;6.0504145749470375;5.740330671013995;5.371057434622569;5.004900496868539;4.440770236390463;3.9187652353853606;9.9;0.28351855;0.10147123407992974;-0.5;0.42857142857142855;-0.025
0.6606060606060606;10.0;4.735026550292969;4.980603806423878;5.420708931343483;5.540065206464623;5.488141004077082;5.3700666450017325;5.2327193303506965;5.029690286678583;4.79183273532753;4.364232115511707;3.9112686956343623;5.0;0.40895557;0.3521739130434783;0.0;0.5;-0.025
0.6616161616161617;5.0;4.626079816868878;5.1481909254490175;6.255745018978649;6.971548166898483;7.356192397902487;7.524759111151048;7.561149954499012;7.479094801746585;7.255366588579818;6.6091376409923335;5.651261595959669;0.0;0.504912;0.5399868247694335;0.0;0.0;-0.1
0.43737373737373736;15.9;12.635546875;10.550480109739368;8.17707904;6.913133636356225;6.138993785380308;5.618477383729204;5.245181436166605;4.84902284850832;4.496436303964844;4.012918132558299;3.6150736645619577;0.0;0.57223636;0.47896354852876594;0.0;0.0;-0.025
0.43737373737373736;23.9;12.635546875;10.550480109739368;8.17707904;6.913133636356225;6.138993785380308;5.618477383729204;5.245181436166605;4.84902284850832;4.496436303964844;4.012918132558299;3.6150736645619577;8.0;0.57223636;0.47896354852876594;-0.5;0.3347280334728034;-0.025
0.5181818181818181;41.5;27.375;20.833333333333336;14.556000000000001;11.534985422740526;9.763374485596707;8.59992486851991;7.777651342740101;6.9150390625;6.1552500000000006;5.124333333333333;4.284696;0.0;0.53170913;0.5189064558629777;0.0;0.0;-0.31666666666666665
0.8313131313131313;23.6;9.903857421875;8.211335783276036;7.37227172864;7.592548634790806;8.02681440782384;8.46808792672062;8.866224422467317;9.369295577491158;9.89156201768948;10.730422068799273;11.534918033228307;10.1;0.44848347;0.39861660079051386;1.0;0.4279661016949152;0.5466666666666666
0.7313131313131312;11.5;9.521995544433594;9.47350923894993;9.286242000040755;9.182659498074214;9.241730673094743;9.38743188599923;9.566920613885497;9.844777897984837;10.183908318887157;10.82031023399301;11.522636935778419;0.0;0.5453132;0.7504611330698286;2.0;0.0;0.2
0.7090909090909091;6.0;5.359375;5.761316872427983;7.15072;8.244421967037542;9.024877643990584;9.595072368380201;10.026071054396395;10.503414630889893;10.94541203125;11.577680390946503;12.120533003199997;0.0;0.7004273;0.7807422046552481;0.0;0.0;-0.015
0.10808080808080808;12.0;7.6175384521484375;8.303706895584453;8.649620006371327;8.759866673051976;8.93534830484498;9.153404899445897;9.38142503200572;9.707090255621548;10.084870183514452;10.766693492122629;11.497985829131032;0.0;0.3657333;0.2768115942028986;0.0;0.0;-0.15
0.6727272727272727;6.0;9.5;10.666666666666666;11.6;12.0;12.222222222222221;12.363636363636363;12.461538461538462;12.5625;12.65;12.766666666666666;12.86;0.0;0.25966397;0.20057092665788318;0.0;0.0;0.14333333333333337
0.1878787878787879;3.5;4.1875;5.796296296296296;7.948;9.150145772594753;9.897805212620028;10.404583020285498;10.76991351843423;11.1593017578125;11.5073125;11.9867962962963;12.383308;0.0;0.30743262;0.20250329380764165;0.0;0.0;0.0
0.25555555555555554;4.0;2.921875;3.909465020576132;5.9267199999999995;7.334800975783899;8.301969550712121;8.995523157260743;9.514009151801945;10.083370685577393;10.60659953125;11.349328539094653;11.982329003199998;1.0;0.47049326;0.3775142731664471;1.0;0.25;-0.06666666666666667
0.9303030303030303;28.0;19.34149169921875;15.976958244972945;12.4970739761152;11.135146742401385;10.614175058251712;10.445640550465807;10.432905952614385;10.5324441578626;10.730623635473648;11.191502444545812;11.754785515069708;0.0;0.61090744;0.8969916556873079;2.0;0.0;0.7099999999999999
0.3727272727272727;2.0;7.5;9.333333333333332;10.8;11.428571428571429;11.777777777777777;12.0;12.153846153846153;12.3125;12.45;12.633333333333333;12.78;0.0;0.4425215;0.45342555994729905;0.0;0.0;-0.03333333333333333
0.9161616161616162;13.0;10.84375;9.661179698216735;9.385024000000001;9.734370882880432;10.118159870992265;10.448572191417627;10.721384044821328;11.043729960918427;11.359141890624997;11.835572587105622;12.265906347903998;0.0;0.80856967;0.839262187088274;0.75;0.0;0.22999999999999995
0.18282828282828284;2.0;6.94912109375;8.583971880227532;9.188931731456;9.4265162297314;9.675207033746727;9.92377298406187;10.155554863615228;10.460486476784137;10.790985721069665;11.349109280793865;11.912627562586126;0.0;0.43910065;0.35285463328941585;0.0;0.0;0.013333333333333523
0.6070707070707071;48.0;36.583984375;30.03444596860235;23.384842239999998;20.270321213169368;18.5306360500722;17.43819575173095;16.694890293337377;15.944133548880927;15.310008180917967;14.494457050817712;13.872018791758375;0.0;0.68966997;0.6911286780851998;0.25;0.0;-0.015
0.9252525252525253;58.2;23.3125;18.74074074074074;15.808;14.793002915451897;14.299039780521262;14.012021036814426;13.82612653618571;13.6456298828125;13.4985625;13.31624074074074;13.181908;0.0;0.95454365;0.9684892402283706;0.0;0.0;-0.015
0.8858585858585859;31.6;19.33831501664389;16.462228528376972;13.674682908736536;12.289813352731295;11.443505789164313;10.8839527146144;10.504029713118543;10.150584569145476;9.924724312221429;9.898905546632498;10.36558616371656;7.9;0.4113507;0.5698726394378568;1.0;0.25;0.7233333333333334
0.6333333333333333;12.0;7.90625;7.37997256515775;8.00768;8.787970998478524;9.40796814698151;9.88421623641523;10.254948973535102;10.674994111061096;11.071894531249999;11.651591454046637;12.159449575039998;0.0;0.58722043;0.5685331576635924;0.25;0.0;-0.015
0.4606060606060606;9.3;8.288916015625;8.82209520906366;9.80199064576;10.351305806265525;10.716141535541226;10.986025395515155;11.197013596168896;11.441164826150857;11.679586573849996;12.045509063221779;12.38664811384441;0.0;0.567115;0.5261528326745718;0.0;0.0;-0.05999999999999999
0.9878787878787879;35.5;23.5205078125;18.065936764382123;13.849723648;12.469355810710336;11.953746324993956;11.761048248550434;11.704167116109385;11.722085274466735;11.8090872034375;12.043100460127514;12.340637134152985;0.0;0.53489155;0.9596398770311814;2.0;0.0;0.6766666666666665
0.29292929292929293;28.0;20.173702599518947;16.01939406055669;12.253018232815737;10.859157646292395;10.380537067562196;10.27279362128832;10.316186979907942;10.479405889958242;10.729096186403456;11.234903236666295;11.800173964434249;0.0;0.46516955;0.26253842775581904;0.0;0.0;-0.015
0.7868686868686868;52.5;22.578125;18.574074074074076;15.61424;14.55747605164515;14.057282934512015;13.778228635649578;13.604992553051094;13.444821834564209;13.32217484375;13.183577962962966;13.094527726400003;0.0;0.80655783;-1;0.25;0.0;0.9433333333333332
0.5838383838383838;36.0;25.286337661743165;22.21997149562216;20.194926559742658;19.15730892979875;18.403163301322884;17.809517630631397;17.328298084662624;16.757509810768447;16.190104149070827;15.308350682329152;14.48174060528054;0.0;0.57783973;-1;0.0;0.0;0.59
0.8525252525252526;25.5;16.304613840871024;12.835366075337205;10.516317434390253;10.111498729054855;10.246902563909721;10.52111241335143;10.806841047204017;11.182352340626588;11.565020734539807;12.12347266067933;12.55734421637847;0.0;0.7528292;0.7661835748792271;2.0;0.0;0.4066666666666665
0.2676767676767677;11.5;8.73132209126361;9.757151479864996;10.899093517520797;11.18793686901532;11.342157503304318;11.489801318357893;11.636666368504418;11.840004243251666;12.063809495932695;12.421076225758554;12.719345480909483;0.0;0.31344184;-1;0.0;0.0;-0.2
0.796969696969697;3.0;5.865661045631805;7.504767653243331;9.319274814016637;10.018231602013133;10.415251114048283;10.718001198507176;10.972307417081;11.287503978048438;11.61061902113606;12.107040351566603;12.524958571291295;0.0;0.4088171;0.7511418533157663;0.75;0.0;0.07999999999999995
0.31212121212121213;5.0;3.435400953837997;4.157483031286108;5.479823976845577;6.516477943913885;7.2989364539828;7.920892195361705;8.433684633157267;9.055611491200803;9.68801443444849;10.683906635665098;11.596518597367643;2.5;0.4481637;0.378941589811155;1.0;0.5;0.08666666666666671
0.2636363636363636;20.0;8.93359375;8.354823959762232;8.4567808;8.964724367762217;9.453753515860127;9.863360874700588;10.198646479565404;10.593501972034574;10.979578420703124;11.563544841037956;12.092647099473275;10.0;0.6062688;-1;1.0;0.5;-1.65
